walk_id,hierarchy_path,chosen_wnid,chosen_image
1,entity-physical_entity-object-whole-living_thing-organism-animal-chordate-vertebrate-bird-parrot-macaw,n01818515,/home/ygu2/kekechen_common/datasets/imagenet/imagenet/ILSVRC/Data/CLS-LOC/train/n01818515/n01818515_17434.JPEG
2,entity-physical_entity-object-whole-living_thing-organism-animal-chordate-vertebrate-bird-parrot-macaw,n01818515,/home/ygu2/kekechen_common/datasets/imagenet/imagenet/ILSVRC/Data/CLS-LOC/train/n01818515/n01818515_2358.JPEG
3,entity-physical_entity-object-whole-living_thing-organism-animal-chordate-vertebrate-bird-parrot-macaw,n01818515,/home/ygu2/kekechen_common/datasets/imagenet/imagenet/ILSVRC/Data/CLS-LOC/train/n01818515/n01818515_15495.JPEG
4,entity-physical_entity-object-whole-living_thing-organism-animal-chordate-vertebrate-bird-parrot-macaw,n01818515,/home/ygu2/kekechen_common/datasets/imagenet/imagenet/ILSVRC/Data/CLS-LOC/train/n01818515/n01818515_10203.JPEG
5,entity-physical_entity-object-whole-living_thing-organism-animal-chordate-vertebrate-bird-parrot-macaw,n01818515,/home/ygu2/kekechen_common/datasets/imagenet/imagenet/ILSVRC/Data/CLS-LOC/train/n01818515/n01818515_1457.JPEG
6,entity-physical_entity-object-whole-living_thing-organism-animal-chordate-vertebrate-bird-parrot-macaw,n01818515,/home/ygu2/kekechen_common/datasets/imagenet/imagenet/ILSVRC/Data/CLS-LOC/train/n01818515/n01818515_240.JPEG
7,entity-physical_entity-object-whole-living_thing-organism-animal-chordate-vertebrate-bird-parrot-macaw,n01818515,/home/ygu2/kekechen_common/datasets/imagenet/imagenet/ILSVRC/Data/CLS-LOC/train/n01818515/n01818515_19761.JPEG
8,entity-physical_entity-object-whole-living_thing-organism-animal-chordate-vertebrate-bird-parrot-macaw,n01818515,/home/ygu2/kekechen_common/datasets/imagenet/imagenet/ILSVRC/Data/CLS-LOC/train/n01818515/n01818515_24321.JPEG
9,entity-physical_entity-object-whole-living_thing-organism-animal-chordate-vertebrate-bird-parrot-macaw,n01818515,/home/ygu2/kekechen_common/datasets/imagenet/imagenet/ILSVRC/Data/CLS-LOC/train/n01818515/n01818515_11871.JPEG
10,entity-physical_entity-object-whole-living_thing-organism-animal-chordate-vertebrate-bird-parrot-macaw,n01818515,/home/ygu2/kekechen_common/datasets/imagenet/imagenet/ILSVRC/Data/CLS-LOC/train/n01818515/n01818515_24321.JPEG
11,entity-physical_entity-object-whole-living_thing-organism-animal-chordate-vertebrate-bird-parrot-macaw,n01818515,/home/ygu2/kekechen_common/datasets/imagenet/imagenet/ILSVRC/Data/CLS-LOC/train/n01818515/n01818515_17160.JPEG
12,entity-physical_entity-object-whole-living_thing-organism-animal-chordate-vertebrate-bird-parrot-macaw,n01818515,/home/ygu2/kekechen_common/datasets/imagenet/imagenet/ILSVRC/Data/CLS-LOC/train/n01818515/n01818515_13232.JPEG
13,entity-physical_entity-object-whole-living_thing-organism-animal-chordate-vertebrate-bird-parrot-macaw,n01818515,/home/ygu2/kekechen_common/datasets/imagenet/imagenet/ILSVRC/Data/CLS-LOC/train/n01818515/n01818515_10367.JPEG
14,entity-physical_entity-object-whole-living_thing-organism-animal-chordate-vertebrate-bird-parrot-macaw,n01818515,/home/ygu2/kekechen_common/datasets/imagenet/imagenet/ILSVRC/Data/CLS-LOC/train/n01818515/n01818515_10536.JPEG
15,entity-physical_entity-object-whole-living_thing-organism-animal-chordate-vertebrate-bird-parrot-macaw,n01818515,/home/ygu2/kekechen_common/datasets/imagenet/imagenet/ILSVRC/Data/CLS-LOC/train/n01818515/n01818515_1289.JPEG
16,entity-physical_entity-object-whole-living_thing-organism-animal-chordate-vertebrate-bird-parrot-macaw,n01818515,/home/ygu2/kekechen_common/datasets/imagenet/imagenet/ILSVRC/Data/CLS-LOC/train/n01818515/n01818515_21816.JPEG
17,entity-physical_entity-object-whole-living_thing-organism-animal-chordate-vertebrate-bird-parrot-macaw,n01818515,/home/ygu2/kekechen_common/datasets/imagenet/imagenet/ILSVRC/Data/CLS-LOC/train/n01818515/n01818515_12158.JPEG
18,entity-physical_entity-object-whole-living_thing-organism-animal-chordate-vertebrate-bird-parrot-macaw,n01818515,/home/ygu2/kekechen_common/datasets/imagenet/imagenet/ILSVRC/Data/CLS-LOC/train/n01818515/n01818515_13232.JPEG
19,entity-physical_entity-object-whole-living_thing-organism-animal-chordate-vertebrate-bird-parrot-macaw,n01818515,/home/ygu2/kekechen_common/datasets/imagenet/imagenet/ILSVRC/Data/CLS-LOC/train/n01818515/n01818515_11266.JPEG
20,entity-physical_entity-object-whole-living_thing-organism-animal-chordate-vertebrate-bird-parrot-macaw,n01818515,/home/ygu2/kekechen_common/datasets/imagenet/imagenet/ILSVRC/Data/CLS-LOC/train/n01818515/n01818515_20404.JPEG
21,entity-physical_entity-object-whole-living_thing-organism-animal-chordate-vertebrate-bird-parrot-macaw,n01818515,/home/ygu2/kekechen_common/datasets/imagenet/imagenet/ILSVRC/Data/CLS-LOC/train/n01818515/n01818515_14255.JPEG
22,entity-physical_entity-object-whole-living_thing-organism-animal-chordate-vertebrate-bird-parrot-macaw,n01818515,/home/ygu2/kekechen_common/datasets/imagenet/imagenet/ILSVRC/Data/CLS-LOC/train/n01818515/n01818515_23138.JPEG
23,entity-physical_entity-object-whole-living_thing-organism-animal-chordate-vertebrate-bird-parrot-macaw,n01818515,/home/ygu2/kekechen_common/datasets/imagenet/imagenet/ILSVRC/Data/CLS-LOC/train/n01818515/n01818515_12246.JPEG
24,entity-physical_entity-object-whole-living_thing-organism-animal-chordate-vertebrate-bird-parrot-macaw,n01818515,/home/ygu2/kekechen_common/datasets/imagenet/imagenet/ILSVRC/Data/CLS-LOC/train/n01818515/n01818515_2059.JPEG
25,entity-physical_entity-object-whole-living_thing-organism-animal-chordate-vertebrate-bird-parrot-macaw,n01818515,/home/ygu2/kekechen_common/datasets/imagenet/imagenet/ILSVRC/Data/CLS-LOC/train/n01818515/n01818515_14921.JPEG
26,entity-physical_entity-object-whole-living_thing-organism-animal-chordate-vertebrate-bird-parrot-macaw,n01818515,/home/ygu2/kekechen_common/datasets/imagenet/imagenet/ILSVRC/Data/CLS-LOC/train/n01818515/n01818515_2266.JPEG
27,entity-physical_entity-object-whole-living_thing-organism-animal-chordate-vertebrate-bird-parrot-macaw,n01818515,/home/ygu2/kekechen_common/datasets/imagenet/imagenet/ILSVRC/Data/CLS-LOC/train/n01818515/n01818515_13473.JPEG
28,entity-physical_entity-object-whole-living_thing-organism-animal-chordate-vertebrate-bird-parrot-macaw,n01818515,/home/ygu2/kekechen_common/datasets/imagenet/imagenet/ILSVRC/Data/CLS-LOC/train/n01818515/n01818515_20936.JPEG
29,entity-physical_entity-object-whole-living_thing-organism-animal-chordate-vertebrate-bird-parrot-macaw,n01818515,/home/ygu2/kekechen_common/datasets/imagenet/imagenet/ILSVRC/Data/CLS-LOC/train/n01818515/n01818515_1102.JPEG
30,entity-physical_entity-object-whole-living_thing-organism-animal-chordate-vertebrate-bird-parrot-macaw,n01818515,/home/ygu2/kekechen_common/datasets/imagenet/imagenet/ILSVRC/Data/CLS-LOC/train/n01818515/n01818515_10801.JPEG
31,entity-physical_entity-object-whole-living_thing-organism-animal-chordate-vertebrate-bird-parrot-macaw,n01818515,/home/ygu2/kekechen_common/datasets/imagenet/imagenet/ILSVRC/Data/CLS-LOC/train/n01818515/n01818515_13210.JPEG
32,entity-physical_entity-object-whole-living_thing-organism-animal-chordate-vertebrate-bird-parrot-macaw,n01818515,/home/ygu2/kekechen_common/datasets/imagenet/imagenet/ILSVRC/Data/CLS-LOC/train/n01818515/n01818515_17324.JPEG
33,entity-physical_entity-object-whole-living_thing-organism-animal-chordate-vertebrate-bird-parrot-macaw,n01818515,/home/ygu2/kekechen_common/datasets/imagenet/imagenet/ILSVRC/Data/CLS-LOC/train/n01818515/n01818515_2007.JPEG
34,entity-physical_entity-object-whole-living_thing-organism-animal-chordate-vertebrate-bird-parrot-macaw,n01818515,/home/ygu2/kekechen_common/datasets/imagenet/imagenet/ILSVRC/Data/CLS-LOC/train/n01818515/n01818515_10517.JPEG
35,entity-physical_entity-object-whole-living_thing-organism-animal-chordate-vertebrate-bird-parrot-macaw,n01818515,/home/ygu2/kekechen_common/datasets/imagenet/imagenet/ILSVRC/Data/CLS-LOC/train/n01818515/n01818515_10489.JPEG
36,entity-physical_entity-object-whole-living_thing-organism-animal-chordate-vertebrate-bird-parrot-macaw,n01818515,/home/ygu2/kekechen_common/datasets/imagenet/imagenet/ILSVRC/Data/CLS-LOC/train/n01818515/n01818515_14859.JPEG
37,entity-physical_entity-object-whole-living_thing-organism-animal-chordate-vertebrate-bird-parrot-macaw,n01818515,/home/ygu2/kekechen_common/datasets/imagenet/imagenet/ILSVRC/Data/CLS-LOC/train/n01818515/n01818515_23394.JPEG
38,entity-physical_entity-object-whole-living_thing-organism-animal-chordate-vertebrate-bird-parrot-macaw,n01818515,/home/ygu2/kekechen_common/datasets/imagenet/imagenet/ILSVRC/Data/CLS-LOC/train/n01818515/n01818515_1883.JPEG
39,entity-physical_entity-object-whole-living_thing-organism-animal-chordate-vertebrate-bird-parrot-macaw,n01818515,/home/ygu2/kekechen_common/datasets/imagenet/imagenet/ILSVRC/Data/CLS-LOC/train/n01818515/n01818515_16602.JPEG
40,entity-physical_entity-object-whole-living_thing-organism-animal-chordate-vertebrate-bird-parrot-macaw,n01818515,/home/ygu2/kekechen_common/datasets/imagenet/imagenet/ILSVRC/Data/CLS-LOC/train/n01818515/n01818515_14618.JPEG
41,entity-physical_entity-object-whole-living_thing-organism-animal-chordate-vertebrate-bird-parrot-macaw,n01818515,/home/ygu2/kekechen_common/datasets/imagenet/imagenet/ILSVRC/Data/CLS-LOC/train/n01818515/n01818515_15435.JPEG
42,entity-physical_entity-object-whole-living_thing-organism-animal-chordate-vertebrate-bird-parrot-macaw,n01818515,/home/ygu2/kekechen_common/datasets/imagenet/imagenet/ILSVRC/Data/CLS-LOC/train/n01818515/n01818515_1653.JPEG
43,entity-physical_entity-object-whole-living_thing-organism-animal-chordate-vertebrate-bird-parrot-macaw,n01818515,/home/ygu2/kekechen_common/datasets/imagenet/imagenet/ILSVRC/Data/CLS-LOC/train/n01818515/n01818515_11040.JPEG
44,entity-physical_entity-object-whole-living_thing-organism-animal-chordate-vertebrate-bird-parrot-macaw,n01818515,/home/ygu2/kekechen_common/datasets/imagenet/imagenet/ILSVRC/Data/CLS-LOC/train/n01818515/n01818515_15340.JPEG
45,entity-physical_entity-object-whole-living_thing-organism-animal-chordate-vertebrate-bird-parrot-macaw,n01818515,/home/ygu2/kekechen_common/datasets/imagenet/imagenet/ILSVRC/Data/CLS-LOC/train/n01818515/n01818515_23138.JPEG
46,entity-physical_entity-object-whole-living_thing-organism-animal-chordate-vertebrate-bird-parrot-macaw,n01818515,/home/ygu2/kekechen_common/datasets/imagenet/imagenet/ILSVRC/Data/CLS-LOC/train/n01818515/n01818515_14339.JPEG
47,entity-physical_entity-object-whole-living_thing-organism-animal-chordate-vertebrate-bird-parrot-macaw,n01818515,/home/ygu2/kekechen_common/datasets/imagenet/imagenet/ILSVRC/Data/CLS-LOC/train/n01818515/n01818515_14534.JPEG
48,entity-physical_entity-object-whole-living_thing-organism-animal-chordate-vertebrate-bird-parrot-macaw,n01818515,/home/ygu2/kekechen_common/datasets/imagenet/imagenet/ILSVRC/Data/CLS-LOC/train/n01818515/n01818515_2101.JPEG
49,entity-physical_entity-object-whole-living_thing-organism-animal-chordate-vertebrate-bird-parrot-macaw,n01818515,/home/ygu2/kekechen_common/datasets/imagenet/imagenet/ILSVRC/Data/CLS-LOC/train/n01818515/n01818515_10622.JPEG
50,entity-physical_entity-object-whole-living_thing-organism-animal-chordate-vertebrate-bird-parrot-macaw,n01818515,/home/ygu2/kekechen_common/datasets/imagenet/imagenet/ILSVRC/Data/CLS-LOC/train/n01818515/n01818515_11146.JPEG
51,entity-physical_entity-object-whole-living_thing-organism-animal-chordate-vertebrate-bird-parrot-macaw,n01818515,/home/ygu2/kekechen_common/datasets/imagenet/imagenet/ILSVRC/Data/CLS-LOC/train/n01818515/n01818515_2216.JPEG
52,entity-physical_entity-object-whole-living_thing-organism-animal-chordate-vertebrate-bird-parrot-macaw,n01818515,/home/ygu2/kekechen_common/datasets/imagenet/imagenet/ILSVRC/Data/CLS-LOC/train/n01818515/n01818515_13566.JPEG
53,entity-physical_entity-object-whole-living_thing-organism-animal-chordate-vertebrate-bird-parrot-macaw,n01818515,/home/ygu2/kekechen_common/datasets/imagenet/imagenet/ILSVRC/Data/CLS-LOC/train/n01818515/n01818515_14102.JPEG
54,entity-physical_entity-object-whole-living_thing-organism-animal-chordate-vertebrate-bird-parrot-macaw,n01818515,/home/ygu2/kekechen_common/datasets/imagenet/imagenet/ILSVRC/Data/CLS-LOC/train/n01818515/n01818515_12307.JPEG
55,entity-physical_entity-object-whole-living_thing-organism-animal-chordate-vertebrate-bird-parrot-macaw,n01818515,/home/ygu2/kekechen_common/datasets/imagenet/imagenet/ILSVRC/Data/CLS-LOC/train/n01818515/n01818515_2527.JPEG
56,entity-physical_entity-object-whole-living_thing-organism-animal-chordate-vertebrate-bird-parrot-macaw,n01818515,/home/ygu2/kekechen_common/datasets/imagenet/imagenet/ILSVRC/Data/CLS-LOC/train/n01818515/n01818515_1318.JPEG
57,entity-physical_entity-object-whole-living_thing-organism-animal-chordate-vertebrate-bird-parrot-macaw,n01818515,/home/ygu2/kekechen_common/datasets/imagenet/imagenet/ILSVRC/Data/CLS-LOC/train/n01818515/n01818515_210.JPEG
58,entity-physical_entity-object-whole-living_thing-organism-animal-chordate-vertebrate-bird-parrot-macaw,n01818515,/home/ygu2/kekechen_common/datasets/imagenet/imagenet/ILSVRC/Data/CLS-LOC/train/n01818515/n01818515_16602.JPEG
59,entity-physical_entity-object-whole-living_thing-organism-animal-chordate-vertebrate-bird-parrot-macaw,n01818515,/home/ygu2/kekechen_common/datasets/imagenet/imagenet/ILSVRC/Data/CLS-LOC/train/n01818515/n01818515_10152.JPEG
60,entity-physical_entity-object-whole-living_thing-organism-animal-chordate-vertebrate-bird-parrot-macaw,n01818515,/home/ygu2/kekechen_common/datasets/imagenet/imagenet/ILSVRC/Data/CLS-LOC/train/n01818515/n01818515_23394.JPEG
61,entity-physical_entity-object-whole-living_thing-organism-animal-chordate-vertebrate-bird-parrot-macaw,n01818515,/home/ygu2/kekechen_common/datasets/imagenet/imagenet/ILSVRC/Data/CLS-LOC/train/n01818515/n01818515_133.JPEG
62,entity-physical_entity-object-whole-living_thing-organism-animal-chordate-vertebrate-bird-parrot-macaw,n01818515,/home/ygu2/kekechen_common/datasets/imagenet/imagenet/ILSVRC/Data/CLS-LOC/train/n01818515/n01818515_26132.JPEG
63,entity-physical_entity-object-whole-living_thing-organism-animal-chordate-vertebrate-bird-parrot-macaw,n01818515,/home/ygu2/kekechen_common/datasets/imagenet/imagenet/ILSVRC/Data/CLS-LOC/train/n01818515/n01818515_2512.JPEG
64,entity-physical_entity-object-whole-living_thing-organism-animal-chordate-vertebrate-bird-parrot-macaw,n01818515,/home/ygu2/kekechen_common/datasets/imagenet/imagenet/ILSVRC/Data/CLS-LOC/train/n01818515/n01818515_2274.JPEG
65,entity-physical_entity-object-whole-living_thing-organism-animal-chordate-vertebrate-bird-parrot-macaw,n01818515,/home/ygu2/kekechen_common/datasets/imagenet/imagenet/ILSVRC/Data/CLS-LOC/train/n01818515/n01818515_13925.JPEG
66,entity-physical_entity-object-whole-living_thing-organism-animal-chordate-vertebrate-bird-parrot-macaw,n01818515,/home/ygu2/kekechen_common/datasets/imagenet/imagenet/ILSVRC/Data/CLS-LOC/train/n01818515/n01818515_15193.JPEG
67,entity-physical_entity-object-whole-living_thing-organism-animal-chordate-vertebrate-bird-parrot-macaw,n01818515,/home/ygu2/kekechen_common/datasets/imagenet/imagenet/ILSVRC/Data/CLS-LOC/train/n01818515/n01818515_11688.JPEG
68,entity-physical_entity-object-whole-living_thing-organism-animal-chordate-vertebrate-bird-parrot-macaw,n01818515,/home/ygu2/kekechen_common/datasets/imagenet/imagenet/ILSVRC/Data/CLS-LOC/train/n01818515/n01818515_14616.JPEG
69,entity-physical_entity-object-whole-living_thing-organism-animal-chordate-vertebrate-bird-parrot-macaw,n01818515,/home/ygu2/kekechen_common/datasets/imagenet/imagenet/ILSVRC/Data/CLS-LOC/train/n01818515/n01818515_2419.JPEG
70,entity-physical_entity-object-whole-living_thing-organism-animal-chordate-vertebrate-bird-parrot-macaw,n01818515,/home/ygu2/kekechen_common/datasets/imagenet/imagenet/ILSVRC/Data/CLS-LOC/train/n01818515/n01818515_10075.JPEG
71,entity-physical_entity-object-whole-living_thing-organism-animal-chordate-vertebrate-bird-parrot-macaw,n01818515,/home/ygu2/kekechen_common/datasets/imagenet/imagenet/ILSVRC/Data/CLS-LOC/train/n01818515/n01818515_2590.JPEG
72,entity-physical_entity-object-whole-living_thing-organism-animal-chordate-vertebrate-bird-parrot-macaw,n01818515,/home/ygu2/kekechen_common/datasets/imagenet/imagenet/ILSVRC/Data/CLS-LOC/train/n01818515/n01818515_213.JPEG
73,entity-physical_entity-object-whole-living_thing-organism-animal-chordate-vertebrate-bird-parrot-macaw,n01818515,/home/ygu2/kekechen_common/datasets/imagenet/imagenet/ILSVRC/Data/CLS-LOC/train/n01818515/n01818515_1289.JPEG
74,entity-physical_entity-object-whole-living_thing-organism-animal-chordate-vertebrate-bird-parrot-macaw,n01818515,/home/ygu2/kekechen_common/datasets/imagenet/imagenet/ILSVRC/Data/CLS-LOC/train/n01818515/n01818515_15581.JPEG
75,entity-physical_entity-object-whole-living_thing-organism-animal-chordate-vertebrate-bird-parrot-macaw,n01818515,/home/ygu2/kekechen_common/datasets/imagenet/imagenet/ILSVRC/Data/CLS-LOC/train/n01818515/n01818515_22834.JPEG
76,entity-physical_entity-object-whole-living_thing-organism-animal-chordate-vertebrate-bird-parrot-macaw,n01818515,/home/ygu2/kekechen_common/datasets/imagenet/imagenet/ILSVRC/Data/CLS-LOC/train/n01818515/n01818515_13870.JPEG
77,entity-physical_entity-object-whole-living_thing-organism-animal-chordate-vertebrate-bird-parrot-macaw,n01818515,/home/ygu2/kekechen_common/datasets/imagenet/imagenet/ILSVRC/Data/CLS-LOC/train/n01818515/n01818515_2224.JPEG
78,entity-physical_entity-object-whole-living_thing-organism-animal-chordate-vertebrate-bird-parrot-macaw,n01818515,/home/ygu2/kekechen_common/datasets/imagenet/imagenet/ILSVRC/Data/CLS-LOC/train/n01818515/n01818515_10489.JPEG
79,entity-physical_entity-object-whole-living_thing-organism-animal-chordate-vertebrate-bird-parrot-macaw,n01818515,/home/ygu2/kekechen_common/datasets/imagenet/imagenet/ILSVRC/Data/CLS-LOC/train/n01818515/n01818515_17984.JPEG
80,entity-physical_entity-object-whole-living_thing-organism-animal-chordate-vertebrate-bird-parrot-macaw,n01818515,/home/ygu2/kekechen_common/datasets/imagenet/imagenet/ILSVRC/Data/CLS-LOC/train/n01818515/n01818515_141.JPEG
81,entity-physical_entity-object-whole-living_thing-organism-animal-chordate-vertebrate-bird-parrot-macaw,n01818515,/home/ygu2/kekechen_common/datasets/imagenet/imagenet/ILSVRC/Data/CLS-LOC/train/n01818515/n01818515_22778.JPEG
82,entity-physical_entity-object-whole-living_thing-organism-animal-chordate-vertebrate-bird-parrot-macaw,n01818515,/home/ygu2/kekechen_common/datasets/imagenet/imagenet/ILSVRC/Data/CLS-LOC/train/n01818515/n01818515_20516.JPEG
83,entity-physical_entity-object-whole-living_thing-organism-animal-chordate-vertebrate-bird-parrot-macaw,n01818515,/home/ygu2/kekechen_common/datasets/imagenet/imagenet/ILSVRC/Data/CLS-LOC/train/n01818515/n01818515_19132.JPEG
84,entity-physical_entity-object-whole-living_thing-organism-animal-chordate-vertebrate-bird-parrot-macaw,n01818515,/home/ygu2/kekechen_common/datasets/imagenet/imagenet/ILSVRC/Data/CLS-LOC/train/n01818515/n01818515_10517.JPEG
85,entity-physical_entity-object-whole-living_thing-organism-animal-chordate-vertebrate-bird-parrot-macaw,n01818515,/home/ygu2/kekechen_common/datasets/imagenet/imagenet/ILSVRC/Data/CLS-LOC/train/n01818515/n01818515_2312.JPEG
86,entity-physical_entity-object-whole-living_thing-organism-animal-chordate-vertebrate-bird-parrot-macaw,n01818515,/home/ygu2/kekechen_common/datasets/imagenet/imagenet/ILSVRC/Data/CLS-LOC/train/n01818515/n01818515_11710.JPEG
87,entity-physical_entity-object-whole-living_thing-organism-animal-chordate-vertebrate-bird-parrot-macaw,n01818515,/home/ygu2/kekechen_common/datasets/imagenet/imagenet/ILSVRC/Data/CLS-LOC/train/n01818515/n01818515_12212.JPEG
88,entity-physical_entity-object-whole-living_thing-organism-animal-chordate-vertebrate-bird-parrot-macaw,n01818515,/home/ygu2/kekechen_common/datasets/imagenet/imagenet/ILSVRC/Data/CLS-LOC/train/n01818515/n01818515_2573.JPEG
89,entity-physical_entity-object-whole-living_thing-organism-animal-chordate-vertebrate-bird-parrot-macaw,n01818515,/home/ygu2/kekechen_common/datasets/imagenet/imagenet/ILSVRC/Data/CLS-LOC/train/n01818515/n01818515_14240.JPEG
90,entity-physical_entity-object-whole-living_thing-organism-animal-chordate-vertebrate-bird-parrot-macaw,n01818515,/home/ygu2/kekechen_common/datasets/imagenet/imagenet/ILSVRC/Data/CLS-LOC/train/n01818515/n01818515_10297.JPEG
91,entity-physical_entity-object-whole-living_thing-organism-animal-chordate-vertebrate-bird-parrot-macaw,n01818515,/home/ygu2/kekechen_common/datasets/imagenet/imagenet/ILSVRC/Data/CLS-LOC/train/n01818515/n01818515_2577.JPEG
92,entity-physical_entity-object-whole-living_thing-organism-animal-chordate-vertebrate-bird-parrot-macaw,n01818515,/home/ygu2/kekechen_common/datasets/imagenet/imagenet/ILSVRC/Data/CLS-LOC/train/n01818515/n01818515_14959.JPEG
93,entity-physical_entity-object-whole-living_thing-organism-animal-chordate-vertebrate-bird-parrot-macaw,n01818515,/home/ygu2/kekechen_common/datasets/imagenet/imagenet/ILSVRC/Data/CLS-LOC/train/n01818515/n01818515_10084.JPEG
94,entity-physical_entity-object-whole-living_thing-organism-animal-chordate-vertebrate-bird-parrot-macaw,n01818515,/home/ygu2/kekechen_common/datasets/imagenet/imagenet/ILSVRC/Data/CLS-LOC/train/n01818515/n01818515_20404.JPEG
95,entity-physical_entity-object-whole-living_thing-organism-animal-chordate-vertebrate-bird-parrot-macaw,n01818515,/home/ygu2/kekechen_common/datasets/imagenet/imagenet/ILSVRC/Data/CLS-LOC/train/n01818515/n01818515_2577.JPEG
96,entity-physical_entity-object-whole-living_thing-organism-animal-chordate-vertebrate-bird-parrot-macaw,n01818515,/home/ygu2/kekechen_common/datasets/imagenet/imagenet/ILSVRC/Data/CLS-LOC/train/n01818515/n01818515_1980.JPEG
97,entity-physical_entity-object-whole-living_thing-organism-animal-chordate-vertebrate-bird-parrot-macaw,n01818515,/home/ygu2/kekechen_common/datasets/imagenet/imagenet/ILSVRC/Data/CLS-LOC/train/n01818515/n01818515_2166.JPEG
98,entity-physical_entity-object-whole-living_thing-organism-animal-chordate-vertebrate-bird-parrot-macaw,n01818515,/home/ygu2/kekechen_common/datasets/imagenet/imagenet/ILSVRC/Data/CLS-LOC/train/n01818515/n01818515_2316.JPEG
99,entity-physical_entity-object-whole-living_thing-organism-animal-chordate-vertebrate-bird-parrot-macaw,n01818515,/home/ygu2/kekechen_common/datasets/imagenet/imagenet/ILSVRC/Data/CLS-LOC/train/n01818515/n01818515_2044.JPEG
100,entity-physical_entity-object-whole-living_thing-organism-animal-chordate-vertebrate-bird-parrot-macaw,n01818515,/home/ygu2/kekechen_common/datasets/imagenet/imagenet/ILSVRC/Data/CLS-LOC/train/n01818515/n01818515_1954.JPEG
