hierarchy_level,parent_node,child_node,probability
0,(none),entity,1.0
1,entity,physical_entity,1.0
2,physical_entity,object,1.0
3,object,whole,1.0
4,whole,living_thing,1.0
5,living_thing,organism,1.0
6,organism,animal,1.0
7,animal,chordate,0.8000000000000002
7,animal,invertebrate,0.19999999999999984
8,chordate,vertebrate,1.0
8,invertebrate,arthropod,1.0
9,arthropod,arachnid,0.04596397936391153
9,arthropod,centipede,1.734723475976807e-17
9,arthropod,trilobite,0.9540360206360885
9,vertebrate,amphibian,0.13333333333333341
9,vertebrate,aquatic_vertebrate,0.33333333333333326
9,vertebrate,bird,0.4000000000000001
9,vertebrate,reptile,0.13333333333333333
10,amphibian,frog,0.45
10,amphibian,salamander,0.55
10,aquatic_vertebrate,fish,1.0
10,arachnid,acarine,0.3250000000000001
10,arachnid,harvestman,0.25833333333333336
10,arachnid,scorpion,0.19166666666666657
10,arachnid,spider,0.22500000000000003
10,bird,bird_of_prey,0.17142857142857143
10,bird,cock,0.15476190476190482
10,bird,gallinaceous_bird,0.12142857142857133
10,bird,hen,0.15476190476190477
10,bird,parrot,0.1380952380952381
10,bird,passerine,0.12142857142857143
10,bird,ratite,0.13809523809523816
10,reptile,anapsid,0.14999999999999997
10,reptile,diapsid,0.8500000000000001
11,acarine,tick,1.0
11,anapsid,chelonian,1.0
11,bird_of_prey,eagle,0.3250000000000001
11,bird_of_prey,hawk,0.19166666666666665
11,bird_of_prey,owl,0.22499999999999998
11,bird_of_prey,vulture,0.2583333333333333
11,diapsid,archosaur,0.25000000000000006
11,diapsid,crocodilian_reptile,0.24999999999999997
11,diapsid,saurian,0.21666666666666665
11,diapsid,snake,0.2833333333333334
11,fish,bony_fish,0.65
11,fish,cartilaginous_fish,0.35
11,frog,tailed_frog,0.3333333333333333
11,frog,tree_frog,0.2833333333333333
11,frog,true_frog,0.3833333333333333
11,gallinaceous_bird,game_bird,1.0
11,parrot,African_grey,0.35
11,parrot,macaw,0.65
11,passerine,oscine,1.0
11,ratite,ostrich,1.0
11,salamander,European_fire_salamander,0.31666666666666665
11,salamander,ambystomid,0.31666666666666665
11,salamander,newt,0.36666666666666664
11,spider,barn_spider,0.17
11,spider,black_and_gold_garden_spider,0.15000000000000002
11,spider,black_widow,0.13
11,spider,garden_spider,0.17
11,spider,tarantula,0.19
11,spider,wolf_spider,0.19
12,ambystomid,axolotl,0.5
12,ambystomid,spotted_salamander,0.5
12,archosaur,dinosaur,1.0
12,bony_fish,teleost_fish,1.0
12,cartilaginous_fish,elasmobranch,1.0
12,chelonian,turtle,1.0
12,crocodilian_reptile,alligator,0.45
12,crocodilian_reptile,crocodile,0.55
12,eagle,bald_eagle,1.0
12,game_bird,grouse,0.6
12,game_bird,phasianid,0.39999999999999997
12,hawk,kite,1.0
12,newt,common_newt,0.55
12,newt,eft,0.45
12,oscine,corvine_bird,0.225
12,oscine,finch,0.225
12,oscine,thrush,0.17500000000000004
12,oscine,titmouse,0.17500000000000002
12,oscine,water_ouzel,0.2
12,owl,great_grey_owl,1.0
12,saurian,lizard,1.0
12,snake,colubrid_snake,0.24000000000000002
12,snake,constrictor,0.16500000000000004
12,snake,elapid,0.19000000000000003
12,snake,sea_snake,0.19000000000000003
12,snake,viper,0.21500000000000002
12,true_frog,bullfrog,1.0
13,alligator,American_alligator,1.0
13,colubrid_snake,garter_snake,0.10833333333333334
13,colubrid_snake,green_snake,0.12083333333333335
13,colubrid_snake,hognose_snake,0.10833333333333334
13,colubrid_snake,king_snake,0.10833333333333334
13,colubrid_snake,night_snake,0.10833333333333334
13,colubrid_snake,ringneck_snake,0.10833333333333334
13,colubrid_snake,thunder_snake,0.10833333333333334
13,colubrid_snake,vine_snake,0.12083333333333333
13,colubrid_snake,water_snake,0.10833333333333334
13,constrictor,boa,1.0
13,corvine_bird,jay,0.45
13,corvine_bird,magpie,0.55
13,crocodile,African_crocodile,1.0
13,dinosaur,ornithischian,1.0
13,elapid,cobra,0.5
13,elapid,mamba,0.5
13,elasmobranch,ray,0.7000000000000001
13,elasmobranch,shark,0.3
13,finch,brambling,0.21999999999999995
13,finch,bunting,0.19499999999999995
13,finch,goldfinch,0.19499999999999995
13,finch,house_finch,0.19499999999999995
13,finch,junco,0.19499999999999995
13,grouse,black_grouse,0.2083333333333333
13,grouse,prairie_chicken,0.275
13,grouse,ptarmigan,0.2416666666666666
13,grouse,ruffed_grouse,0.275
13,lizard,agamid,0.1111111111111111
13,lizard,anguid_lizard,0.1111111111111111
13,lizard,chameleon,0.1111111111111111
13,lizard,gecko,0.09861111111111111
13,lizard,iguanid,0.1236111111111111
13,lizard,lacertid_lizard,0.11111111111111109
13,lizard,monitor,0.1111111111111111
13,lizard,teiid_lizard,0.1111111111111111
13,lizard,venomous_lizard,0.1111111111111111
13,phasianid,partridge,0.25
13,phasianid,pheasant,0.3999999999999999
13,phasianid,quail,0.35
13,teleost_fish,soft-finned_fish,1.0
13,thrush,nightingale,0.45
13,thrush,robin,0.55
13,titmouse,chickadee,1.0
13,turtle,box_turtle,0.2750000000000001
13,turtle,mud_turtle,0.2416666666666667
13,turtle,sea_turtle,0.2083333333333333
13,turtle,terrapin,0.27499999999999997
13,viper,horned_viper,0.65
13,viper,pit_viper,0.35
14,agamid,agama,0.5
14,agamid,frilled_lizard,0.5
14,anguid_lizard,alligator_lizard,1.0
14,boa,boa_constrictor,0.55
14,boa,python,0.45
14,bunting,indigo_bunting,1.0
14,chameleon,African_chameleon,1.0
14,cobra,Indian_cobra,1.0
14,gecko,banded_gecko,1.0
14,iguanid,American_chameleon,0.55
14,iguanid,common_iguana,0.45
14,lacertid_lizard,green_lizard,1.0
14,mamba,black_mamba,1.0
14,monitor,Komodo_dragon,1.0
14,nightingale,bulbul,1.0
14,ornithischian,ceratopsian,1.0
14,pheasant,peafowl,1.0
14,pit_viper,rattlesnake,1.0
14,ray,electric_ray,0.45
14,ray,stingray,0.55
14,sea_turtle,leatherback_turtle,0.6000000000000001
14,sea_turtle,loggerhead,0.4
14,shark,hammerhead,0.4
14,shark,mackerel_shark,0.25
14,shark,requiem_shark,0.35
14,soft-finned_fish,cypriniform_fish,1.0
14,teiid_lizard,whiptail,1.0
14,venomous_lizard,Gila_monster,1.0
15,black_mamba,green_mamba,1.0
15,ceratopsian,triceratops,1.0
15,cypriniform_fish,cyprinid,1.0
15,mackerel_shark,great_white_shark,1.0
15,peafowl,peacock,1.0
15,python,rock_python,1.0
15,rattlesnake,diamondback,0.45
15,rattlesnake,sidewinder,0.55
15,requiem_shark,tiger_shark,1.0
16,cyprinid,goldfish,0.85
16,cyprinid,tench,0.14999999999999997
